N,P,K,temperature,humidity,ph,rainfall,label
101.0,58.0,18.0,25.66891439,81.38103349,6.652143699,78.59595817,Kapas
101.3,31.2,70.0,26.54,58.2,7.19,1161.77,Ganna
92.6,37.1,76.2,31.91,70.15,7.3,1171.37,Ganna
114.7,55.9,35.9,16.44,39.09,7.43,255.06,Gandum
2.0,75.0,22.0,23.89271875,61.78779413,6.658605362,52.55730112,Masoor
103.6,71.1,33.1,20.14,41.67,6.16,297.7,Gandum
109.2,74.2,48.9,18.73,39.83,7.45,312.68,Gandum
102.0,49.0,21.0,24.69315538,84.84422454,6.253343655,89.799462,Kapas
76.0,55.5,81.9,21.98,69.41,6.98,577.49,Aloo
75.0,56.0,18.0,19.39851734,62.35750641,5.696205468,60.95197486,Makki
83.4,78.2,60.2,18.3,56.25,6.19,570.79,Aloo
67.0,47.0,44.0,26.73072391,81.78596776,7.868474653,280.4044392,Chawal
119.7,73.4,38.6,19.43,39.39,7.63,245.78,Gandum
88.3,42.6,30.7,17.8,55.64,7.05,379.26,Sarson
90.5,61.8,43.7,10.38,58.19,6.05,355.64,Sarson
83.8,53.8,76.8,16.88,74.65,6.45,582.17,Aloo
54.0,62.0,80.0,17.48911699,16.39055394,7.489545074,79.45758333,Chana
62.3,67.0,82.8,20.36,60.97,5.94,436.03,Aloo
129.3,45.0,69.4,32.95,62.86,6.32,1042.53,Ganna
24.0,53.0,17.0,28.95451232,89.07866095,6.421271178,57.65901369,Moong
111.0,50.0,15.0,25.16820129,80.30351815,7.884550475,84.62419032,Kapas
76.0,39.0,24.0,24.2547451,55.64709899,6.995843776,64.23845455,Makki
37.0,50.0,23.0,29.65296893,88.48587386,6.5304707,56.01913159,Moong
131.0,49.0,22.0,25.49848236,79.9751579,7.306918817000001,67.05961949,Kapas
58.0,66.0,79.0,20.99373558,19.33470387,8.718192847000001,93.55280105,Chana
28.0,58.0,81.0,17.47500984,16.54314829,6.18042747,93.35034262,Chana
61.0,44.0,17.0,26.10018422,71.57476937,6.931756557999999,102.2662445,Makki
89.1,63.1,43.5,19.84,48.91,6.34,335.38,Sarson
64.9,65.6,41.4,16.43,55.24,7.44,296.57,Sarson
89.7,55.9,48.0,18.64,45.15,6.93,259.86,Sarson
27.0,40.0,24.0,27.84026517,89.99615558,7.063022095,52.84626009,Moong
76.0,57.0,18.0,18.9802729,74.52600826,6.092725883,94.26249353,Makki
89.1,71.4,38.7,14.48,38.23,6.12,324.75,Gandum
33.0,77.0,15.0,23.89736406,66.32102048,7.802212437,40.74536757,Masoor
20.0,41.0,20.0,29.27308605,89.4875022,7.073048264,50.9246554,Moong
83.0,58.0,23.0,19.74213321,59.66263104,6.381201909,65.50861389,Makki
96.4,65.1,30.3,15.54,51.07,7.0,210.4,Gandum
100.0,52.0,19.0,23.45969093,82.44777468,7.903528672999999,93.50153555,Kapas
79.4,54.2,41.6,19.83,40.21,7.45,260.23,Sarson
99.0,55.0,35.0,21.7238313,80.2389895,6.501697816,277.9626192,Chawal
32.0,57.0,22.0,28.6899851,87.50436797,6.769415887999999,44.56598352,Moong
93.0,47.0,37.0,21.53346343,82.14004101,6.500343222000001,295.9248796,Chawal
24.0,42.0,23.0,28.22471276,82.35916228,6.428054409,44.01206619,Moong
70.1,69.2,38.9,14.72,49.68,6.01,379.47,Sarson
49.0,69.0,82.0,18.31561493,15.36143547,7.26311855,81.78710463,Chana
31.0,76.0,82.0,20.8248451,17.85057083,7.599279991,79.20509212,Chana
62.0,67.9,48.3,14.0,41.1,6.67,355.74,Sarson
116.3,73.0,45.9,19.48,45.06,7.79,218.98,Gandum
28.0,58.0,25.0,27.4818649,62.04814951,6.861640036,37.81123974,Masoor
90.7,77.1,91.3,19.31,68.25,6.02,482.7,Aloo
132.0,52.0,19.0,24.16402322,76.7433897,6.436691764,61.94626051,Kapas
75.7,65.2,83.0,19.52,67.63,5.85,564.8,Aloo
51.0,72.0,75.0,18.88852533,14.99451145,7.1042247970000005,80.11133840000002,Chana
140.0,45.0,15.0,25.5308271,80.04662756,5.801047545,99.39557151,Kapas
83.0,41.0,43.0,21.0525355,82.67839517,6.254028451,233.1075816,Chawal
73.0,57.0,41.0,21.44653958,84.94375962,5.824709117,272.2017204,Chawal
80.5,75.5,38.1,12.14,35.04,6.01,330.87,Gandum
91.0,53.0,40.0,26.52723513,81.41753846,5.386167788,264.6148697,Chawal
25.0,68.0,77.0,20.09340593,15.11279612,7.701446446,85.74904898,Chana
72.3,67.4,63.9,21.03,72.14,6.02,456.84,Aloo
48.0,65.0,78.0,17.43732714,14.33847406,7.861128148,73.0926704,Chana
95.0,52.0,36.0,26.22916897,83.83625819,5.543360237999999,286.5083725,Chawal
103.0,42.0,17.0,24.29470232,84.61527627,6.527541661,81.05902285,Kapas
28.0,74.0,81.0,18.01272266,18.30968112,8.753795334,81.98568791,Chana
100.9,65.7,41.4,14.59,48.54,6.4,349.64,Gandum
110.8,66.6,38.0,21.53,42.79,7.6,376.19,Gandum
118.0,60.1,42.0,15.01,43.39,7.25,327.19,Gandum
85.9,52.4,65.3,16.79,57.11,6.79,471.19,Aloo
61.0,52.0,41.0,24.97669518,83.891805,6.880431223,204.8001847,Chawal
133.0,50.0,25.0,25.72180042,81.19666206,7.569454601,99.93100821,Kapas
89.0,60.0,19.0,25.19192419,66.69029010000001,5.913664501,78.06639649,Makki
10.0,56.0,18.0,27.99627907,68.6428593,7.32710972,46.10585191,Masoor
102.0,45.0,16.0,23.65629976,77.52425987,7.2942193,74.8984994,Kapas
128.5,57.3,72.7,25.42,72.96,6.43,1067.29,Ganna
39.0,76.0,76.0,19.96837462,15.57324389,8.135900726000001,69.15759062,Chana
22.0,60.0,85.0,18.8392908,14.74071856,7.811997977000001,94.78189594,Chana
87.7,71.4,35.4,19.05,47.11,7.63,335.51,Gandum
63.0,44.0,41.0,24.17298839,83.7287574,5.583370042,257.0343554,Chawal
120.0,48.0,16.0,22.46054478,75.40989245,7.456971816,71.85436078,Kapas
31.0,51.0,25.0,27.53592929,85.57019009999998,7.196774236,53.01899249,Moong
87.4,79.1,48.9,18.85,50.83,7.26,280.38,Gandum
99.0,54.0,37.0,21.14347496,80.33502926,5.5948196260000005,198.6730942,Chawal
27.0,79.0,82.0,17.06579293,17.54024066,6.307004922999999,70.87150577,Chana
86.0,59.0,35.0,25.78720567,82.11124033,6.946636369,243.5120414,Chawal
19.0,35.0,24.0,27.11030369,83.64274107,6.883308033,49.11964582,Moong
122.0,40.0,17.0,24.96440768,81.31677618,6.854558957,80.03995829,Kapas
92.6,52.7,37.7,14.28,47.89,6.85,382.45,Sarson
131.2,41.0,79.6,28.29,74.31,6.96,1300.46,Ganna
110.3,35.1,67.6,37.2,57.71,6.83,1178.3,Ganna
33.0,57.0,17.0,27.89636126,88.71782287,6.78415271,57.79863368,Moong
6.0,47.0,18.0,29.16174608,80.28038146,6.715276662999999,40.16545979,Moong
6.0,64.0,23.0,23.33565221,67.40460704,7.065264073,36.18678721,Masoor
107.0,42.0,24.0,22.04612876,84.62978302,6.144631795,86.00758678,Kapas
25.0,78.0,76.0,17.48042641,15.7559405,7.228963452,66.96980581,Chana
125.7,41.6,58.6,33.26,64.0,6.91,1289.25,Ganna
19.0,72.0,15.0,28.83600962,69.76112921,6.890760124,44.08562546,Masoor
107.5,46.5,59.7,26.38,55.23,7.3,1303.57,Ganna
81.0,53.0,42.0,23.67575393,81.03569343,5.17782304,233.7034975,Chawal
70.0,36.0,42.0,21.84106875,80.72886384,6.9462098810000015,202.3838319,Chawal
74.6,50.7,69.5,20.25,61.63,6.87,538.25,Aloo
85.1,46.7,53.6,29.67,69.57,7.33,1458.63,Ganna
11.0,46.0,24.0,27.65280218,89.80650642,6.459252023,56.52558045,Moong
96.4,58.5,42.1,16.92,46.7,6.32,279.1,Sarson
37.0,66.0,85.0,20.93175255,18.91295403,6.456148474,78.06910795,Chana
116.8,55.0,35.5,18.17,39.68,7.35,277.85,Gandum
103.1,72.8,44.8,14.69,49.04,6.85,396.22,Gandum
118.0,50.0,19.0,22.95604064,82.33733678,6.360812227,66.48339303,Kapas
90.0,50.4,34.5,18.78,49.97,7.43,377.82,Sarson
71.0,35.0,24.0,22.27373646,59.52193158,5.826426917,67.96704792,Makki
74.9,49.7,39.6,17.42,59.18,6.47,403.55,Sarson
139.0,35.0,15.0,25.248679,83.4630147,5.898293044,86.55517751,Kapas
92.4,64.4,89.1,19.18,68.81,6.13,478.66,Aloo
66.1,55.1,48.8,17.1,50.22,7.48,261.02,Sarson
61.7,71.7,76.6,18.65,71.18,6.39,581.84,Aloo
82.0,43.0,38.0,23.28617173,81.43321641,5.105588355,242.3170629,Chawal
2.0,78.0,23.0,21.31852148,66.43934593,7.320514721,45.42616802,Masoor
61.0,59.0,17.0,23.33844615,59.24580604,6.47444292,105.0083144,Makki
60.0,54.5,40.8,19.4,56.2,7.15,432.36,Sarson
131.0,52.0,16.0,23.65724079,84.47601498,6.486068274,88.54479121,Kapas
30.0,65.0,82.0,20.71424384,15.27824066,7.103798069,76.77888672,Chana
82.6,69.4,82.7,18.53,61.88,5.59,521.96,Aloo
18.0,66.0,22.0,25.87990287,67.55109024,6.347379185,47.89645224,Masoor
129.0,53.9,64.9,32.98,74.57,6.29,1044.94,Ganna
24.0,56.0,85.0,18.19903647,17.41333199,6.545888558,80.6405403,Chana
49.0,55.0,78.0,18.65580107,16.17772668,7.863113671,81.70769297,Chana
114.0,40.0,23.0,25.53676123,81.13668716,6.7539780610000015,95.4262599,Kapas
116.0,56.0,17.0,24.71252544,77.7293114,7.979090365,85.24963302,Kapas
24.0,61.0,17.0,22.6371424,65.44544859,6.233269045,38.30411077,Masoor
62.5,63.3,66.3,16.54,71.78,5.65,429.7,Aloo
94.0,52.4,64.9,19.2,58.97,5.87,424.77,Aloo
120.0,60.0,15.0,22.31871914,83.86129998,7.288377241,65.35747011,Kapas
98.8,68.9,89.2,20.59,58.38,6.7,421.74,Aloo
29.0,75.0,75.0,19.62416326,18.71483156,7.064790365,88.4585692,Chana
95.9,53.1,46.0,11.34,47.44,6.5,345.57,Sarson
108.0,36.0,19.0,22.78249615,77.51235009,7.238566893,64.61444234,Kapas
75.0,38.0,39.0,23.44676801,84.79352417,6.215109715,283.9338466,Chawal
77.0,57.0,21.0,24.9321581,73.80435276,6.550563822999999,79.74078719,Makki
28.0,72.0,84.0,18.72963144,19.18197264,6.481783042999999,71.58010169,Chana
66.0,53.0,41.0,25.0756354,80.52389148,7.778915154,257.0038865,Chawal
79.0,42.0,37.0,24.87300744,82.84022551,6.587918707999999,295.6094492000001,Chawal
85.0,52.0,45.0,26.31355498,82.36698992,7.224285503,265.5355937,Chawal
27.0,76.0,83.0,19.12829388,14.92241479,6.289614016,89.61857826,Chana
108.1,36.6,73.4,29.71,63.0,6.36,1262.74,Ganna
47.0,79.0,78.0,17.48395377,14.76014523,6.609696734,65.11365631,Chana
96.3,51.4,91.8,17.19,65.41,5.95,448.16,Aloo
66.6,45.9,35.7,13.94,50.18,6.07,271.24,Sarson
64.2,58.3,63.1,16.22,61.78,6.13,433.76,Aloo
35.0,66.0,81.0,19.37101121,15.77458129,6.138243973,85.24819851,Chana
95.9,70.2,84.0,21.23,57.93,5.81,475.41,Aloo
31.0,53.0,16.0,28.7420098,85.81675947,6.452006451,48.54598575,Moong
118.0,71.4,38.1,17.38,48.93,6.28,399.13,Gandum
66.0,44.0,20.0,19.0781471,69.02298571,6.740000687999999,80.72515943,Makki
68.2,47.1,31.7,13.33,46.84,7.04,446.5,Sarson
0.0,65.0,24.0,28.49584395,62.44616219,7.841496029,53.14531023,Masoor
77.3,57.8,32.5,14.21,58.97,6.33,379.91,Sarson
22.0,60.0,18.0,19.59221047,61.28633405,6.74398035,41.7704893,Masoor
21.0,39.0,20.0,28.14448546,82.1193047,7.064782137999999,46.75690086,Moong
91.3,59.3,32.0,20.76,36.48,7.52,377.22,Gandum
72.0,40.0,38.0,20.41447029,82.20802629,7.592490617,245.1511304,Chawal
82.1,76.3,68.4,19.84,70.51,6.13,421.97,Aloo
113.0,38.0,20.0,22.10718988,78.58320116,6.364729934,74.94136567,Kapas
120.0,34.8,57.4,33.79,55.81,7.47,1047.48,Ganna
94.3,78.0,35.3,16.54,47.63,6.43,210.67,Gandum
106.3,74.8,34.1,18.3,45.65,6.39,290.95,Gandum
77.7,70.0,75.8,21.28,69.19,6.99,527.13,Aloo
91.3,78.4,35.0,19.64,47.57,6.34,367.47,Gandum
40.0,58.0,75.0,18.59190771,14.77959596,7.168096055,89.60982451,Chana
113.4,75.9,35.1,19.89,39.07,7.2,284.67,Gandum
21.0,38.0,21.0,29.75538903,86.45193297,6.637677489,37.54602719,Moong
28.0,35.0,22.0,29.53037621,86.73346018,7.156563094,59.87232071,Moong
30.0,44.0,16.0,29.73013036,82.89166381,6.442335592999999,50.91511275,Moong
35.0,74.0,22.0,26.7230014,62.96841833,6.898905799,42.87274897,Masoor
70.0,44.0,19.0,23.31689124,73.4541537,5.852607099,94.29712821,Makki
90.8,43.6,35.5,17.2,57.27,7.37,378.22,Sarson
28.0,79.0,16.0,24.70626432,60.26854183,6.0521848810000005,53.12442925,Masoor
9.0,48.0,22.0,27.77076285,87.09979549,6.402926221,49.50812624,Moong
20.0,60.0,78.0,18.17234999,14.70085967,6.358740355,90.7760707,Chana
20.0,79.0,77.0,18.54988627,16.02542689,7.64867466,76.32565249,Chana
65.0,72.7,69.8,17.02,73.19,6.49,581.89,Aloo
88.2,50.3,32.1,20.82,44.7,6.34,307.19,Gandum
39.0,70.0,15.0,20.76774783,63.90164154,6.366355781,47.9271552,Masoor
115.8,61.4,44.1,18.55,40.07,6.39,203.83,Gandum
40.0,51.0,17.0,28.66086349,86.12194568,6.860602782000001,50.01534317,Moong
102.0,46.0,19.0,22.77076388,82.5993307,6.631005298,81.49543437,Kapas
97.4,60.6,99.1,20.68,69.84,5.58,478.44,Aloo
86.0,55.0,21.0,21.54156232,59.64024162,6.803931519,109.7515385,Makki
25.0,40.0,21.0,27.73329078,81.13903037,6.248900919,44.17580911,Moong
35.0,52.0,19.0,27.10606808,89.89593328,6.698574085,37.45680611,Moong
93.9,45.8,41.6,15.02,41.83,6.2,423.6,Sarson
113.8,60.0,75.4,25.89,59.68,6.3,1389.91,Ganna
92.2,50.0,42.5,14.57,49.0,6.82,301.5,Sarson
67.6,74.4,91.9,16.27,65.21,5.75,500.67,Aloo
88.8,71.9,42.1,21.36,48.84,7.25,300.07,Gandum
83.0,57.0,19.0,25.73044432,70.74739256,6.877869005,98.73771338,Makki
23.0,62.0,85.0,18.97424756,19.5161216,8.490127142,80.7108745,Chana
13.0,64.0,20.0,19.1345771,62.57526895,6.590571088,36.46946971,Masoor
29.0,36.0,25.0,28.28511547,88.4393979,7.130278657000001,48.56690235,Moong
42.0,62.0,75.0,18.17912258,18.90426935,7.010570541,81.84997529,Chana
86.5,79.0,37.1,12.91,48.88,6.02,272.09,Gandum
77.0,36.0,37.0,26.88444878,81.46033732,6.136131869,194.5766559,Chawal
84.0,51.0,35.0,22.30157427,80.64416466,6.043304899,197.9791215,Chawal
115.0,48.0,16.0,25.54359718,84.09229796,7.175934962,88.94245493,Kapas
115.0,76.0,43.4,17.06,36.33,7.79,242.25,Gandum
129.0,47.0,20.0,24.41212325,80.80343786,6.281913857999999,98.60457373,Kapas
62.3,68.0,74.0,17.99,61.58,6.27,475.47,Aloo
102.0,53.0,21.0,23.03814028,76.11021529,6.913678684,91.49697481,Kapas
75.0,53.0,18.0,20.68899915,59.4375337,6.864793607,103.651438,Makki
90.4,56.8,45.2,12.28,42.86,6.74,272.79,Sarson
26.0,56.0,22.0,23.05276444,60.424786,7.011121216,52.60285259,Masoor
83.3,74.3,72.6,20.67,73.9,5.83,508.91,Aloo
99.0,41.0,36.0,24.45802087,82.74835604,6.738652179,182.5616319,Chawal
60.0,44.0,23.0,24.7947077,70.04556743,5.722579819,76.72860067,Makki
70.3,55.8,42.2,10.57,51.57,6.86,256.88,Sarson
85.6,79.5,63.9,21.39,65.01,6.77,433.51,Aloo
100.2,70.8,49.4,18.49,37.86,6.14,233.47,Gandum
6.0,48.0,24.0,28.6362812,84.61431076,6.790736339,48.48319335,Moong
97.5,75.7,43.0,12.56,50.86,7.69,235.87,Gandum
52.0,68.0,78.0,17.48504075,16.96070581,6.89655198,86.05078037,Chana
68.2,65.4,32.0,14.35,47.78,6.67,314.56,Sarson
130.8,57.8,51.3,25.65,66.46,7.02,1445.19,Ganna
9.0,57.0,24.0,29.89232778,89.71503316,7.165121108999998,42.99498978,Moong
94.0,32.8,49.9,30.97,61.14,6.23,1296.73,Ganna
77.9,55.5,46.3,12.27,55.88,6.61,275.67,Sarson
88.0,55.0,45.0,24.63544858,80.41363018,7.730367824,253.7202781,Chawal
65.7,58.9,79.5,20.22,65.11,5.75,429.43,Aloo
60.0,55.0,44.0,23.00445915,82.3207629,7.840207144,263.9642476,Chawal
127.0,37.0,18.0,24.87663664,76.30050373,7.041065585,91.9223468,Kapas
36.0,43.0,21.0,28.36319404,84.8593608,7.140437859,52.93031105,Moong
97.0,66.1,36.3,19.77,48.66,6.52,312.05,Sarson
113.0,38.0,25.0,22.00085141,79.47270984,7.388265887999999,90.42224164,Kapas
20.0,45.0,22.0,29.5888162,89.9939693,6.904587016,54.96121262,Moong
62.7,41.4,34.1,17.74,54.36,6.71,322.01,Sarson
9.0,56.0,17.0,26.13708256,66.7729209,6.261937875,46.48280681,Masoor
134.0,56.0,18.0,23.80834611,83.91902605,6.691268104,70.97358303,Kapas
98.0,53.0,38.0,20.26707606,81.63895217,5.01450727,270.4417274,Chawal
92.0,35.0,40.0,22.17931888,80.33127223,6.3573893660000005,200.0882787,Chawal
42.0,79.0,85.0,17.22385224,15.82069268,6.129533877,76.57580954,Chana
89.9,49.8,39.4,10.55,53.9,6.48,305.83,Sarson
76.0,51.0,18.0,26.16985907,71.96246617,6.247040422,79.84925393,Makki
4.0,36.0,22.0,27.60887393,86.13316408,7.012740397000001,43.80041104,Moong
74.0,35.0,40.0,26.49109635,80.15836264,6.980400905,242.8640342,Chawal
36.0,67.0,77.0,18.36952567,19.56381041,7.152811172000001,79.26357665,Chana
111.0,40.0,25.0,24.48469200000001,84.44932014,6.187455798999999,90.94342484,Kapas
119.7,38.0,62.7,35.98,58.23,6.04,1308.55,Ganna
34.0,59.0,23.0,28.56212158,83.24855855,6.935804256,56.48265193,Moong
67.0,60.0,25.0,24.92162194,66.78627406,5.750254943,109.2162279,Makki
30.0,79.0,22.0,18.28766124,69.48515056,6.254216611,48.60449438,Masoor
73.0,35.0,38.0,24.88921174,81.97927117,5.005306977,185.9461429,Chawal
67.0,58.0,39.0,25.2827223,80.54372813,5.453592032,220.1156708,Chawal
30.0,75.0,81.0,19.41789736,16.80472243,6.4084378860000015,68.4951189,Chana
61.0,53.0,43.0,26.40323239,81.05635517,6.349606327,223.3671883,Chawal
82.9,41.6,44.0,11.84,51.38,7.13,355.06,Sarson
91.8,30.6,79.2,30.24,72.41,6.07,1350.31,Ganna
75.9,78.4,89.4,17.99,63.81,5.95,477.36,Aloo
23.0,45.0,23.0,28.77653519,86.69133979,6.983130466,56.12443206,Moong
31.0,37.0,21.0,27.23924995,86.404241,6.713410626,37.31236904,Moong
117.0,56.0,15.0,25.99237426,77.0543546,7.368258226,89.1188212,Kapas
73.1,41.2,39.1,14.45,45.57,6.53,411.59,Sarson
83.9,68.6,31.1,11.68,48.1,7.46,379.28,Sarson
69.0,37.0,42.0,23.05804872,83.37011772,7.073453503,251.0549998,Chawal
127.9,34.6,78.7,35.51,58.62,6.41,1108.95,Ganna
12.0,67.0,23.0,25.62896213,63.14909763,6.585020302999999,45.49683991,Masoor
60.0,55.0,45.0,21.40865769,83.32931909999998,5.935745417000001,287.5766935000001,Chawal
44.0,59.0,78.0,20.67526473,19.85388984,7.599033472,84.78344008,Chana
9.0,48.0,20.0,29.66461594,84.28187572,6.377568542000001,56.09542002,Moong
92.5,54.9,98.0,15.97,68.42,6.56,519.29,Aloo
102.3,58.0,46.9,32.02,65.6,6.39,1221.52,Ganna
38.0,36.0,21.0,28.02952623,84.8845732,6.5563729660000005,36.12042927,Moong
106.5,69.8,38.4,20.23,47.16,7.34,398.14,Gandum
6.0,37.0,17.0,28.08657178,80.35005927,6.760694227999999,38.14476781,Moong
37.0,77.0,20.0,25.93381964,68.70533022,7.080506001,51.02372773,Masoor
66.0,53.0,19.0,23.09348056,60.11593810000001,6.033550195,65.49730729,Makki
60.2,51.8,39.0,13.04,55.67,6.37,353.75,Sarson
43.0,79.0,79.0,19.40751744,18.98030507,7.8067476560000015,80.25064637,Chana
100.0,41.0,22.0,22.4204752,84.55794703,7.318802162000001,93.46595573,Kapas
68.0,58.0,38.0,23.22397386,83.03322691,6.336253525,221.2091958,Chawal
67.0,35.0,22.0,23.30546753,63.24648023,6.385684213999999,108.7603001,Makki
118.4,62.5,42.5,16.34,52.18,6.58,265.33,Gandum
72.0,45.0,35.0,25.42977518,82.94682591,5.758506323,195.3574542,Chawal
131.6,37.1,73.1,27.87,59.52,7.12,1157.62,Ganna
117.0,43.0,25.0,24.68854799,78.51206972,7.839849298,69.31153566,Kapas
113.2,50.0,44.1,35.83,62.89,6.12,1142.27,Ganna
54.0,61.0,77.0,18.81198127,15.21618225,6.206582192999999,77.54294240000002,Chana
60.0,61.0,78.0,20.71219282,19.83643308,6.317153205,94.03659867,Chana
43.0,66.0,79.0,19.46233971,15.22538951,7.976607593,74.58565097,Chana
103.1,55.4,43.2,35.71,61.92,7.34,1203.3,Ganna
36.0,38.0,15.0,28.36363858,87.59810657,6.3206620120000006,57.99524359,Moong
24.0,70.0,16.0,25.17885316,68.93307305,6.54803469,35.03484812,Masoor
59.0,60.0,84.0,19.03025305,18.66725565,7.690962337999999,94.70992037,Chana
75.8,45.9,36.2,13.86,54.66,6.43,302.01,Sarson
84.9,54.7,43.0,17.98,40.28,6.52,272.48,Sarson
93.8,58.8,61.3,26.9,61.69,6.02,1012.84,Ganna
136.0,36.0,20.0,23.09595631,84.86275707,6.925412377000001,71.29581071,Kapas
1.0,67.0,21.0,27.52135365,60.53657684,6.551577598,48.06491307,Masoor
1.0,59.0,23.0,27.46852989,87.17649,7.184398832,43.78420984,Moong
12.0,71.0,19.0,24.91079638,60.71367427,7.142611056000002,42.19740397,Masoor
74.1,51.4,37.5,10.07,58.89,7.11,270.86,Sarson
15.0,77.0,20.0,25.13163619,66.92642362,7.399749291,49.04015558,Masoor
94.0,53.0,40.0,20.27774362,82.89408619,5.718627177999999,241.9741949,Chawal
95.0,38.0,22.0,19.84939404,61.24500053,5.730617109,100.7689246,Makki
132.0,41.0,22.0,24.29144926,81.02453404,7.810865753,90.41694635,Kapas
5.0,65.0,19.0,18.28072173,68.10365387,6.978361689,48.80253285,Masoor
14.0,74.0,15.0,27.99990346,65.57653373,6.493036868,49.94043064,Masoor
12.0,66.0,20.0,27.41434987,63.41785982,7.336117221,44.43177543,Masoor
124.5,54.0,66.3,32.24,56.01,7.15,1163.47,Ganna
93.8,55.6,32.6,14.75,53.86,6.19,277.13,Sarson
10.0,59.0,22.0,28.60901145,86.99495766,7.1556850160000005,36.94616965,Moong
112.0,54.0,15.0,25.46228792,81.56641891,6.1754923060000015,76.88582484,Kapas
79.6,45.0,49.3,15.05,59.33,6.89,282.67,Sarson
134.0,52.0,18.0,23.9643129,76.59175937,7.994679507000001,76.13090645,Kapas
106.0,46.0,20.0,23.43821725,78.63388824,6.2006719760000015,81.15072105,Kapas
118.0,45.0,23.0,23.37044424,77.43198948,7.977651226,71.67870701,Kapas
121.0,53.0,19.0,23.51308653,76.72621429,7.976889497999999,80.11272117,Kapas
107.9,38.6,51.1,29.52,61.17,6.61,1025.21,Ganna
27.0,61.0,15.0,25.2653291,67.10004577,6.958054839,48.33941188,Masoor
32.0,79.0,22.0,27.60195453,63.46170674,5.91645379,54.37814199,Masoor
54.0,77.0,85.0,17.141861399999996,17.0662427,7.8292111439999985,83.74606679,Chana
34.0,47.0,19.0,27.31372793,85.44815232,6.568795403999999,53.15223123,Moong
138.1,53.8,46.5,35.93,68.76,7.11,1147.91,Ganna
58.0,63.0,81.0,19.81344531,14.69765308,6.515499548999999,78.96514709,Chana
81.0,41.0,38.0,22.67846116,83.72874389,7.5240800760000015,200.9133156,Chawal
74.0,43.0,23.0,25.95263264,61.89082199,6.325235159,99.57981207,Makki
36.0,55.0,20.0,27.01470397,84.34262707,6.635968697999999,55.296354,Moong
97.1,72.6,43.4,21.51,37.11,6.25,372.89,Gandum
109.4,41.4,62.7,36.43,66.0,6.41,1406.24,Ganna
113.0,41.0,20.0,25.0017188,80.53965818,7.256877571,96.32600992,Kapas
7.0,60.0,25.0,28.2753171,82.76020821,6.397636709,56.04995423,Moong
28.0,67.0,21.0,21.79792649,63.73086065,6.250994222999999,46.62370222,Masoor
84.0,34.3,68.6,30.95,60.44,6.59,1250.14,Ganna
64.0,35.0,23.0,23.02038334,61.89472002,5.680361037999999,63.03843397,Makki
81.8,38.4,73.9,37.79,60.02,6.23,1087.32,Ganna
17.0,52.0,17.0,27.88352946,86.45147631,6.364967184,44.64407105,Moong
96.1,36.5,77.4,35.47,70.67,7.01,1348.92,Ganna
81.2,61.8,42.6,20.38,39.45,7.21,317.39,Gandum
90.0,42.0,43.0,20.87974371,82.00274423,6.502985292000001,202.9355362,Chawal
19.0,53.0,22.0,27.8640132,80.4513142,6.852884642999999,42.83053902,Moong
138.4,54.8,69.6,30.61,65.28,6.54,1482.65,Ganna
108.0,38.0,24.0,23.41022496,76.43836957,7.442217061,78.82199603,Kapas
66.1,51.5,68.3,16.67,69.51,5.85,439.34,Aloo
125.0,60.0,17.0,24.14386157,84.51591287,6.785723961,80.36146974,Kapas
30.0,61.0,18.0,27.14911056,67.02664337,6.157782589,52.50812701,Masoor
37.0,71.0,16.0,26.28663931,68.51966729,7.324863481,46.13833007,Masoor
86.0,37.0,16.0,20.51716779,59.21235483,5.561510732,67.61013737,Makki
79.0,51.0,16.0,25.33797709,68.49835977,6.586244581,96.46380213,Makki
4.0,40.0,21.0,28.79728147,80.45744422,6.725551062,44.30070517,Moong
4.0,80.0,16.0,29.19585548,68.01965728,7.441976825,44.93261911,Masoor
123.0,50.0,16.0,23.04920461,75.53835214,6.498052108,70.65644296,Kapas
72.3,50.2,36.6,17.18,57.87,6.37,348.4,Sarson
93.0,53.0,38.0,26.92995077,81.91411159,7.069172227,290.67937830000005,Chawal
92.5,67.7,48.7,13.68,40.12,7.27,343.45,Sarson
68.0,40.0,19.0,26.14384005,66.20569924,6.655426355,107.2361366,Makki
57.0,57.0,75.0,17.09104223,18.25142068,7.785039076,87.27444866,Chana
71.9,75.3,84.4,19.52,72.6,5.98,416.12,Aloo
91.0,56.0,37.0,23.43191632,80.56887849,6.363472207999999,269.5039162,Chawal
42.0,67.0,77.0,18.99424448,15.9362937,7.114405288,78.69707199,Chana
63.0,43.0,19.0,18.51816776,55.53128131,6.641906353,90.988051,Makki
19.0,55.0,20.0,27.43329405,87.80507732,7.18530147,54.73367631,Moong
9.0,60.0,21.0,29.94413861,67.31323084,7.52178027,40.37113729,Masoor
13.0,57.0,25.0,28.30041493,86.20681554,6.86308576,50.47333854,Moong
69.0,51.0,23.0,22.21738222,72.85462807,6.80163854,106.6213157,Makki
4.0,61.0,21.0,24.84063998,60.09116626,6.75020529,48.77790371,Masoor
106.0,49.0,24.0,23.03887865,76.47039772,6.983395572999999,90.64770699,Kapas
98.0,44.0,21.0,25.77175115,74.089114,6.524478032,107.4931917,Makki
13.0,74.0,25.0,24.12192608,61.09533545,6.461618577,44.23629285,Masoor
76.0,48.0,18.0,19.29563411,69.63481219,5.77597783,83.21030571,Makki
60.0,49.0,44.0,20.77576147,84.49774397,6.244841491,240.0810647,Chawal
139.4,33.3,69.3,35.75,69.19,6.9,1265.94,Ganna
87.0,48.0,25.0,18.65396672,61.37879671,6.656730007999999,93.62039175,Makki
39.0,37.0,15.0,28.9973145,83.78911515,6.821747052,59.84499208,Moong
73.6,62.4,93.3,16.08,64.51,6.51,555.05,Aloo
96.0,54.0,22.0,25.70196694,61.33450447,6.960358276,83.20711308,Makki
117.4,35.5,75.4,37.61,64.68,6.4,1331.91,Ganna
99.0,56.0,17.0,24.10859207,73.13112261,6.234330356,71.07562236,Makki
94.0,50.0,19.0,23.30355338,73.62548442,5.873242491,97.59081274,Makki
69.0,55.0,38.0,22.70883798,82.63941394,5.70080568,271.3248604,Chawal
89.3,34.6,48.5,33.53,55.33,6.64,1324.89,Ganna
0.0,74.0,17.0,23.33375853,64.50515776,7.240988401,47.01510708,Masoor
78.0,43.0,42.0,21.32376327,83.00320459,7.283736617000001,192.3197536,Chawal
95.4,45.0,49.4,19.48,46.72,7.03,276.66,Sarson
69.3,76.3,85.7,19.38,57.18,6.63,502.36,Aloo
46.0,76.0,77.0,18.2356751,19.68538502,6.967843048,83.74879344,Chana
96.0,46.0,22.0,20.58314011,69.00128641,6.499936446,66.29390357,Makki
114.1,53.3,63.8,33.81,70.05,6.72,1249.98,Ganna
31.0,79.0,75.0,18.8202251,16.1074793,8.204862075,89.73119396,Chana
26.0,80.0,83.0,17.08498521,16.14565756,7.528599957000001,71.31007253,Chana
95.2,61.6,39.7,13.55,59.98,6.62,341.67,Sarson
133.0,47.0,24.0,24.40228894,79.19732001,7.231324765,90.8022356,Kapas
84.0,57.0,25.0,22.53510514,67.99257471,6.489040367,64.40866039,Makki
99.0,41.1,36.6,12.82,42.79,6.23,312.33,Sarson
133.4,48.2,66.3,25.54,60.43,7.02,1436.81,Ganna
88.0,38.0,15.0,25.08239719,65.92195844,6.455116637000001,62.49190812,Makki
64.0,45.0,43.0,25.62980105,83.52842314,5.534878156,209.9001977,Chawal
101.6,54.7,49.5,21.41,47.97,7.49,372.6,Gandum
76.0,44.0,17.0,20.41683147,62.55424820000001,5.855442401,65.27798457,Makki
126.0,37.0,21.0,25.84997269,84.16855231,6.61448588,77.03421249,Kapas
74.0,54.0,38.0,25.65553461,83.47021081,7.120272972,217.3788583,Chawal
29.0,71.0,18.0,22.17499963,62.13873825,6.410441476,53.46622584,Masoor
34.0,65.0,19.0,23.43974653,63.22011726,5.94239222,45.40277297,Masoor
109.3,45.3,53.7,32.16,63.39,6.06,1425.58,Ganna
73.1,47.9,31.3,16.06,49.16,7.33,386.5,Sarson
98.0,47.0,37.0,23.48381344,81.33265073,7.375482851,224.0581164,Chawal
28.0,70.0,21.0,25.39038396,60.4989659,7.437373666,39.18374505,Masoor
122.0,48.0,16.0,24.65425757,75.6350708,6.307585854,61.82980133,Kapas
107.0,51.0,22.0,24.86560781,78.22080815,5.983075895,79.56866268,Kapas
80.4,62.7,31.4,14.48,49.37,7.45,246.4,Gandum
86.1,54.0,33.8,15.54,54.36,7.62,331.81,Gandum
78.6,47.8,40.9,15.83,41.65,7.48,377.79,Sarson
36.0,43.0,22.0,27.82684262,87.16679147,6.3898821660000005,58.37249772,Moong
76.0,60.0,39.0,20.0454142,80.3477562,6.766240045,208.5810155,Chawal
121.0,45.0,22.0,22.45942937,81.30681027,6.443785385,64.23026638,Kapas
135.0,43.0,16.0,23.47986888,81.73049149,6.720449769,86.76287924,Kapas
98.1,60.0,36.4,13.0,45.65,6.29,416.86,Sarson
130.3,33.8,53.1,34.51,71.11,6.35,1336.25,Ganna
52.0,73.0,79.0,17.25769499,18.74943955,7.840339388999999,94.00287214,Chana
79.9,51.2,61.0,21.28,72.51,6.99,563.92,Aloo
100.1,47.1,40.4,34.0,55.79,6.05,1281.96,Ganna
88.3,71.1,34.1,15.1,52.1,6.06,255.4,Gandum
74.3,63.2,79.0,16.73,71.05,6.59,529.11,Aloo
123.0,39.0,24.0,25.00755095,78.17952126,7.453106264,86.06411872,Kapas
26.0,63.0,17.0,29.87854588,65.73085206,6.950300686,44.95654782,Masoor
77.0,38.0,36.0,21.8652524,80.1923008,5.953933276,224.55501690000003,Chawal
136.3,32.6,52.5,32.51,62.9,6.39,1170.48,Ganna
14.0,76.0,20.0,29.05941162,62.10652364,7.042474679,36.5011366,Masoor
109.0,36.0,18.0,25.40059227,76.53237965,7.524707577,62.51388670000001,Kapas
10.0,78.0,18.0,18.54141834,62.70637578,6.296976913,44.07819743,Masoor
4.0,41.0,20.0,28.14720892,83.8001509,6.647965508,37.44800463,Moong
67.0,43.0,39.0,26.04371967,84.96907151,5.9999690260000005,186.7536773,Chawal
83.0,58.0,45.0,25.75528612,83.51827127,5.875345751,245.6626799,Chawal
110.4,78.6,31.4,17.21,47.33,7.07,385.64,Gandum
27.0,73.0,79.0,19.16288268,15.83500655,7.354973451,82.69766829,Chana
37.0,78.0,79.0,19.95264829,14.82633099,7.786366322,88.6810311,Chana
40.0,58.0,15.0,29.46416042,87.60890009,6.978400282000001,43.15411472,Moong
17.0,58.0,20.0,28.06642822,85.91625451,6.42937879,39.23831035,Moong
38.0,77.0,22.0,28.234829,69.3159965,6.313284267999999,35.36831423,Masoor
33.0,75.0,84.0,19.46210401,18.72831993,7.217018459,68.81405149,Chana
78.0,58.0,44.0,26.80079604,80.88684822,5.108681786,284.4364567,Chawal
60.0,57.0,24.0,18.66116213,61.55327249,6.1212940410000005,75.03247667,Makki
30.0,37.0,25.0,29.89129144,80.14487166,7.120032489,54.7960127,Moong
89.4,52.1,78.9,17.12,59.98,5.78,493.81,Aloo
110.9,69.9,36.7,20.77,37.35,7.19,313.24,Gandum
60.0,68.0,83.0,19.12065218,18.43475844,6.620900869,85.52950164,Chana
111.0,39.0,22.0,22.60361557,80.35090459999998,6.135025006,88.57395505,Kapas
79.0,56.6,38.5,11.93,47.69,7.03,445.12,Sarson
116.7,63.9,35.7,16.28,37.34,6.91,274.62,Gandum
110.0,39.0,25.0,22.60612115,77.34264002,7.208795456,75.13617229,Kapas
108.0,60.0,17.0,22.75805656,76.75768356,6.558902588,97.76600619,Kapas
91.6,66.3,32.0,17.44,36.15,6.35,288.46,Gandum
74.0,39.0,23.0,22.6265115,65.77472881,6.78073637,88.17251033,Makki
103.2,71.0,35.3,16.91,36.38,7.15,341.03,Gandum
96.8,72.0,35.4,13.6,45.71,7.19,339.93,Gandum
129.0,43.0,16.0,25.5503704,77.85055621,6.73210948,78.58488484,Kapas
79.1,61.9,74.2,20.31,57.25,6.73,447.5,Aloo
29.0,45.0,16.0,28.43683487,87.91332682,6.583381939,43.12063289,Moong
86.0,36.0,24.0,26.54986394,72.89187265,5.787268394,73.33636055,Makki
57.0,60.0,84.0,19.1034283,17.26184541,6.586777189,75.49101167,Chana
95.9,71.3,35.6,14.0,42.82,7.6,341.48,Gandum
83.8,66.7,89.7,21.76,62.86,6.07,576.74,Aloo
94.1,64.9,43.5,16.1,48.77,7.25,233.95,Gandum
5.0,45.0,21.0,28.36291385,88.00989267,6.487124217000001,43.05130077,Moong
3.0,69.0,23.0,28.67408774,63.18832976,7.299360767,42.96018627,Masoor
75.0,54.0,36.0,26.29465461,84.56919326,7.023936392,257.4914906,Chawal
92.0,44.0,16.0,18.87751445,65.76816093,6.082973754,94.76189431,Makki
107.0,58.0,15.0,23.73868041,75.77503808,7.55606399,76.63669195,Kapas
68.2,67.7,30.8,18.26,44.55,6.36,449.53,Sarson
26.0,54.0,17.0,28.5474135,88.9570454,6.27258822,49.4897245,Moong
61.0,38.0,20.0,18.47891261,62.69503871,5.970458434,65.43835393,Makki
66.0,54.0,21.0,25.19008683,60.200168700000006,5.919045532,72.12375573,Makki
31.0,60.0,24.0,25.40474421,65.8567539,7.722335992,51.92057267,Masoor
105.0,60.0,23.0,23.53371386,77.21705554,6.207652157,87.54004943,Kapas
17.0,74.0,17.0,26.03026959,69.55863145,7.393210848,37.11395801,Masoor
8.0,58.0,17.0,28.75273118,69.15640149,7.286049977999999,35.15426171,Masoor
81.0,45.0,35.0,26.52872817,80.12267476,6.158376967000001,218.9163567,Chawal
77.0,49.1,41.2,16.65,45.18,6.91,359.09,Sarson
91.0,50.0,40.0,20.82477109,84.1341879,6.462391607000001,230.22422230000004,Chawal
8.0,50.0,21.0,28.62911222,89.11480590000002,6.218923893,50.49913241,Moong
89.3,57.3,48.8,10.97,51.42,6.91,435.71,Sarson
89.5,53.1,48.5,14.74,45.58,6.46,365.47,Sarson
77.8,58.0,30.3,14.11,46.06,6.1,409.0,Sarson
119.1,51.6,46.7,16.34,51.76,6.63,361.33,Gandum
101.0,37.0,18.0,22.92360984,82.68738535,7.63737841,92.91915074,Kapas
105.6,50.0,35.8,14.42,48.47,7.18,226.02,Gandum
60.0,51.0,36.0,22.69657794,82.81088865,6.028321557999999,256.9964761,Chawal
90.0,46.0,42.0,23.97898217,81.45061596,7.50283396,250.0832336,Chawal
4.0,44.0,19.0,27.95639663,83.52706038,6.921993877999999,43.25726752,Moong
113.0,37.0,20.0,25.03300222,79.04368718,7.393441155,97.10087029,Kapas
82.0,40.0,40.0,23.83067496,84.81360127,6.271478837999999,298.5601175,Chawal
83.0,60.0,36.0,25.59704938,80.14509262,6.903985986,200.834898,Chawal
23.0,59.0,25.0,27.826262300000003,88.73100226,6.320768488,56.68833819,Moong
73.0,45.0,21.0,24.60532218,73.58868502,6.636803222999999,96.59195302,Makki
4.0,59.0,19.0,26.25070298,67.62779652,7.621494566,40.8106299,Masoor
76.1,61.5,76.7,17.87,55.94,5.5,520.19,Aloo
110.0,39.0,18.0,24.54795322,75.39752705,7.766259768999999,63.88079866,Kapas
96.4,40.2,47.4,29.61,73.53,7.23,1270.15,Ganna
71.0,54.0,16.0,22.61359953,63.69070564,5.7499144210000015,87.75953857,Makki
32.0,56.0,18.0,20.0467711,65.84395319,7.135251532000001,46.05333124,Masoor
63.0,42.0,21.0,23.26237612,72.33125523,5.798423907999999,67.10225139,Makki
22.0,55.0,16.0,23.7937153,68.03209183,6.516317561,49.73922097,Masoor
37.0,62.0,22.0,24.02037872,61.62313345,7.397546271,49.78102578,Masoor
86.0,56.1,96.3,18.5,62.26,5.51,476.42,Aloo
68.4,67.2,82.1,20.47,73.84,6.33,560.19,Aloo
93.3,63.1,44.7,13.1,44.03,6.66,230.74,Gandum
81.0,49.0,20.0,18.04185513,60.61494304,5.513697923,104.2321615,Makki
10.0,37.0,22.0,28.7275267,89.12760359,7.069747813999999,58.52974279,Moong
82.2,61.2,47.3,12.19,52.3,6.41,435.55,Sarson
114.8,37.0,69.6,30.57,56.03,7.39,1365.12,Ganna
81.8,68.0,42.3,12.04,52.06,7.2,318.19,Sarson
82.8,66.4,44.0,17.15,44.33,6.06,316.64,Gandum
24.0,44.0,17.0,29.8596912,80.03499648,6.666380512000001,50.66487502,Moong
74.3,53.1,33.7,10.69,43.38,6.55,272.5,Sarson
88.2,41.9,76.4,26.51,71.7,7.03,1000.02,Ganna
49.0,71.0,76.0,19.71098332,17.63879418,6.613072145,85.57925437,Chana
111.0,53.0,19.0,23.96436009,78.02763149,6.419536555,84.63148859,Kapas
14.0,48.0,21.0,29.24598976,84.80084105,6.991242362,53.43228915,Moong
60.0,48.0,39.0,24.28209415,80.30025587,7.042299068999999,231.0863347,Chawal
33.0,60.0,15.0,28.95172351,81.67085323,6.510840928,56.51103293,Moong
84.9,48.5,57.2,30.24,56.01,7.33,1478.82,Ganna
31.0,78.0,76.0,17.57212145,14.99927489,8.519975748,89.31050665,Chana
99.0,38.0,21.0,22.88330922,71.59722446,6.352471866,67.72777298,Makki
93.6,47.2,48.7,18.91,40.18,7.09,390.3,Sarson
67.0,59.0,41.0,21.94766735,80.97384195,6.012632591,213.3560921,Chawal
2.0,38.0,18.0,27.53632932,89.92908171,6.619891497999999,45.48591922,Moong
100.7,71.8,30.3,21.27,44.49,6.58,291.03,Gandum
95.3,68.1,80.8,17.01,67.09,6.98,561.65,Aloo
11.0,60.0,23.0,27.33684386,88.50229102,7.033012777000001,51.09802625,Moong
3.0,63.0,16.0,24.38041875,61.18458224,6.868881707999999,53.13946695,Masoor
100.0,40.0,20.0,22.45145981,76.25674874,7.432043735,86.84998693,Kapas
96.5,69.3,96.9,17.14,72.23,6.89,431.15,Aloo
22.0,72.0,85.0,18.86805647,15.65809214,6.391173589,88.51048983,Chana
99.2,67.7,34.0,20.05,45.38,7.12,316.19,Gandum
78.0,40.0,38.0,26.46428311,83.85642678,7.549873681,248.2256491,Chawal
116.0,52.0,19.0,22.94276687,75.37170612,6.114525877,67.08022574,Kapas
69.0,46.0,41.0,23.64124821,80.28597873,5.012139669,263.1103304,Chawal
105.4,74.5,43.7,12.63,36.67,7.38,352.46,Gandum
45.0,61.0,78.0,19.48649305,16.06240074,6.489389282,81.52842690000001,Chana
76.5,67.6,76.4,17.8,69.1,5.85,435.82,Aloo
14.0,67.0,25.0,25.28710601,60.85993533,7.241151936,49.37369982,Masoor
60.0,38.0,17.0,18.41932981,64.23580251,6.474476516,76.41312437,Makki
97.0,36.0,45.0,22.2286982,81.85872947,6.939083505,278.0791793,Chawal
96.7,52.5,46.0,29.95,73.77,7.01,1135.98,Ganna
2.0,79.0,15.0,21.53577883,65.47227704,7.505283615,35.75107592,Masoor
78.0,58.0,15.0,25.00933355,67.816568,6.5286312660000005,62.91359494,Makki
34.0,71.0,79.0,17.927806,15.85622899,7.728998197,74.63872762,Chana
57.0,58.0,77.0,18.72649425,17.58406365,7.978996755,81.20176515,Chana
40.0,61.0,22.0,20.94981756,65.8108757,7.002216044,44.23913012,Masoor
61.0,41.0,17.0,25.1420613,65.26185135,6.021902237000001,76.68456006,Makki
74.5,60.0,45.3,19.1,43.23,7.43,415.64,Sarson
140.0,38.0,15.0,24.1472953,75.88298598,6.021439523,69.91563467,Kapas
89.2,78.5,75.7,18.01,68.65,5.5,431.98,Aloo
131.0,56.0,20.0,22.00817088,81.83896111,7.762647875,92.23645249,Kapas
94.0,39.0,18.0,23.89114571,57.48775781,5.893093135,102.8301942,Makki
70.0,47.0,17.0,24.612911800000006,70.4162444,6.600827017,104.1626147,Makki
33.0,59.0,19.0,23.19305333,62.74710773,7.641024177,49.55213308,Masoor
106.2,61.9,46.8,15.27,45.84,6.59,376.58,Gandum
91.0,36.0,45.0,24.44345477,82.45432595,5.950647577000001,267.97619480000003,Chawal
75.5,65.7,65.4,15.34,71.57,5.87,466.96,Aloo
81.4,56.1,42.0,13.26,58.54,7.1,423.54,Sarson
9.0,35.0,20.0,27.41503453,80.98004661,6.91380932,40.53173216,Moong
52.0,56.0,85.0,20.118744600000007,14.44228303,6.81712422,88.68168643,Chana
76.0,49.0,42.0,24.958779,84.47963372,5.206373153,196.95600080000003,Chawal
1.0,48.0,24.0,29.34594634,85.60472562,6.232836962,59.03629954,Moong
90.0,57.0,24.0,18.92851916,72.80086137,6.158860284,82.34162918,Makki
83.9,41.2,35.7,10.27,57.34,6.95,393.06,Sarson
60.8,61.4,62.9,18.89,57.75,6.15,509.41,Aloo
95.4,57.6,66.5,37.12,63.34,7.47,1364.39,Ganna
22.0,64.0,82.0,19.48974337,17.17260319,6.4740245000000005,87.51312796,Chana
14.0,69.0,19.0,20.95628486,63.68128841,7.239455147,52.39881209,Masoor
99.1,50.8,47.3,13.86,51.43,7.4,360.56,Gandum
22.0,56.0,17.0,29.87888063,87.32761241,6.89077995,44.75215854,Moong
10.0,59.0,15.0,29.83040388,89.30428305,6.32400451,58.86687093,Moong
98.7,54.2,34.2,12.91,52.23,7.17,389.34,Sarson
63.0,43.0,17.0,19.28889933,65.47050802,6.807487794,71.3195307,Makki
100.0,48.0,16.0,25.71895816,67.22190688,5.54990242,74.51490791,Makki
107.2,57.9,63.1,36.91,56.91,6.2,1064.16,Ganna
60.0,36.0,43.0,23.43121862,83.06310136,5.286203711000001,219.9048349,Chawal
21.0,44.0,18.0,27.06909959,86.89934108,7.12851089,50.46746116,Moong
69.1,41.6,35.0,18.84,43.09,6.36,266.29,Sarson
74.0,48.0,17.0,21.63162756,60.27766379,6.430616465,69.21803098,Makki
26.0,66.0,22.0,18.06486101,65.1034354,6.300479414,51.54922825,Masoor
25.0,48.0,21.0,28.438097,83.48991368,6.267684328,52.55469976,Moong
113.9,77.1,37.5,18.07,52.82,7.35,323.91,Gandum
13.0,47.0,20.0,29.21780035,87.93724219,6.54450214,43.1386631,Moong
88.0,35.0,40.0,23.57943626,83.58760316,5.85393208,291.2986618000001,Chawal
62.3,73.5,82.2,21.59,62.53,6.47,571.93,Aloo
137.1,54.8,48.6,34.78,56.67,7.1,1376.74,Ganna
63.4,74.9,75.3,19.09,74.13,6.73,449.39,Aloo
6.0,59.0,21.0,26.58972517,66.14007674,6.139215944,50.90994463,Masoor
111.0,41.0,18.0,23.64328417,78.1258666,6.10539819,80.96157332,Kapas
117.0,59.8,35.7,14.71,45.3,6.99,352.87,Gandum
60.0,43.0,44.0,21.01944696,82.95221726,7.416245107000001,298.40184710000005,Chawal
77.0,52.0,17.0,24.86374934,65.7420046,5.714799723,75.82270467,Makki
35.0,64.0,78.0,17.92845928,14.27327988,7.496645259,85.37378769,Chana
78.6,52.6,67.2,19.0,67.91,6.61,462.06,Aloo
110.4,66.9,49.3,13.05,46.21,6.49,333.55,Gandum
88.6,30.9,50.9,33.6,59.63,7.17,1127.24,Ganna
74.2,67.1,76.6,21.52,58.78,6.19,583.53,Aloo
94.0,54.0,17.0,23.39128187,61.74427165,5.871647806,107.3198135,Makki
37.0,55.0,82.0,19.45591848,18.02235902,8.423873703,78.44910564,Chana
117.7,50.0,35.0,21.15,38.88,7.01,399.78,Gandum
100.0,48.0,17.0,23.7805123,83.03878838,7.827877817999999,66.26555904,Kapas
100.6,44.0,42.2,30.3,62.86,6.93,1415.76,Ganna
91.0,35.0,39.0,23.79391957,80.41817957,6.970859754,206.2611855,Chawal
75.0,49.0,15.0,21.53574127,71.50905983,5.918263801,102.4852929,Makki
28.0,45.0,23.0,29.65021184,80.29868321,6.489259136,56.76278363,Moong
56.0,67.0,78.0,17.57445618,16.71826572,8.255450758,77.81891424,Chana
81.6,75.9,31.5,12.64,39.13,6.69,338.18,Gandum
79.3,62.1,33.0,19.72,50.3,6.4,436.13,Sarson
79.0,59.0,17.0,20.37999665,63.73849998,6.644205485,108.5054416,Makki
63.0,58.0,22.0,18.25405352,55.28220433,6.204747652999999,63.72358154,Makki
100.0,72.3,44.7,19.39,38.31,6.87,262.56,Gandum
110.3,79.2,48.1,19.23,52.18,6.67,371.6,Gandum
90.0,52.0,25.0,25.97482359,69.36385721,6.822586546,103.2234212,Makki
8.0,54.0,20.0,28.3340432,80.77275974,7.034214276,38.7976407,Moong
107.6,57.3,73.2,35.84,55.79,7.49,1282.87,Ganna
138.5,41.2,68.2,27.94,55.13,7.05,1034.7,Ganna
86.1,56.2,47.4,29.27,60.32,7.24,1450.13,Ganna
117.6,79.0,43.6,17.36,36.51,7.58,318.57,Gandum
61.6,52.9,48.3,13.43,44.77,6.46,337.83,Sarson
100.0,46.0,18.0,24.18586246,76.04203958,6.4316895060000006,69.08056728,Kapas
82.0,45.8,45.0,14.6,52.97,7.04,341.87,Sarson
91.0,35.0,38.0,24.8972823,80.52586088,6.13428721,183.6793207,Chawal
81.9,52.9,49.3,11.81,57.88,6.79,342.8,Sarson
77.0,58.0,19.0,22.8056033,56.50768935,5.791649933,101.5952794,Makki
62.5,68.0,83.1,15.14,69.35,6.17,476.32,Aloo
62.0,48.0,20.0,21.70181447,60.47470519,6.708446922,95.71388473,Makki
85.0,38.0,41.0,21.58711777,82.7883708,6.2490506560000005,276.65524589999995,Chawal
122.0,59.0,18.0,23.5000992,83.63488952,6.219469084,79.81328183,Kapas
79.0,43.0,39.0,21.66628296,80.70960551,7.062779015,210.8142087,Chawal
95.9,62.2,41.3,11.29,46.94,6.47,263.06,Sarson
73.7,62.9,41.5,19.79,56.21,6.69,271.34,Sarson
131.0,35.0,18.0,24.49112609,82.24415809,7.0576933660000005,64.02949379,Kapas
76.1,45.6,48.2,16.97,45.75,6.32,438.6,Sarson
7.0,63.0,24.0,19.55750776,64.45268309,6.818681086000002,53.04669416,Masoor
53.0,73.0,77.0,19.71359733,18.09665739,7.325451279,73.64476535,Chana
84.3,53.9,57.7,35.67,68.42,6.45,1071.64,Ganna
73.5,75.2,74.3,16.47,74.23,5.96,539.22,Aloo
22.0,67.0,78.0,17.16606398,14.42457525,6.204090835,72.32667516,Chana
97.0,59.0,43.0,26.35927159,84.04403589,6.2865001760000006,271.35861370000003,Chawal
78.0,53.1,43.5,18.63,50.67,7.06,416.99,Sarson
18.0,57.0,21.0,27.37659643,63.93927841,6.155915975,49.47371773,Masoor
62.1,64.2,34.0,19.67,59.91,6.36,327.01,Sarson
14.0,41.0,17.0,29.12939524,88.48312598,7.085982325,36.45012824,Moong
43.0,68.0,81.0,17.47809436,17.93253975,6.761599706,78.92060234,Chana
95.0,39.0,36.0,23.86330467,83.15250801,5.561398642,285.2493645,Chawal
68.6,41.1,49.7,15.13,59.81,6.76,254.93,Sarson
23.0,39.0,22.0,29.25649321,81.97952224,6.86483915,42.02483277,Moong
22.0,68.0,16.0,27.70496805,63.20915034,7.74672376,37.46160727,Masoor
88.6,50.1,32.6,14.69,47.42,7.29,395.07,Sarson
75.1,73.5,76.8,21.53,56.07,6.01,596.25,Aloo
133.8,36.6,77.9,28.38,71.88,6.22,1147.97,Ganna
75.8,51.5,93.2,18.63,61.26,5.67,590.73,Aloo
71.0,60.0,22.0,26.07470121,59.37147589,6.2048017,85.75692395,Makki
66.5,66.2,94.7,18.21,62.67,6.79,525.53,Aloo
86.4,56.8,87.0,16.62,71.59,6.31,462.74,Aloo
133.0,47.0,23.0,24.88738107,75.62137159,6.827354668,89.76050416,Kapas
77.1,40.4,45.4,13.05,43.41,6.54,444.89,Sarson
88.1,58.4,87.1,16.88,57.4,5.68,559.29,Aloo
126.0,46.0,25.0,24.43847399,81.69801729,6.757457943,60.79645852,Kapas
98.3,67.6,34.1,18.58,55.44,7.27,417.28,Sarson
67.0,51.0,24.0,23.50297882,61.32026065,5.584171461,64.77791424,Makki
89.7,45.5,45.3,18.7,57.75,6.48,301.62,Sarson
87.0,60.0,23.0,20.27317074,63.91281869,6.439071996,62.50351892,Makki
67.8,78.2,80.7,18.6,70.67,5.61,414.11,Aloo
85.9,43.5,48.6,10.22,51.66,6.41,444.51,Sarson
117.4,36.1,47.6,26.0,72.37,6.02,1006.45,Ganna
90.0,49.0,21.0,24.84016732,68.3584573,6.4725232870000005,74.05474936,Makki
36.0,65.0,80.0,18.2872007,16.67921616,6.051091339,74.87445574,Chana
112.4,71.6,41.7,20.29,53.04,6.07,206.35,Gandum
73.0,58.0,21.0,19.97215954,57.68272924,6.596060648,60.65171481,Makki
13.0,61.0,24.0,18.29783597,69.6897615,7.629910252999999,49.39111479,Masoor
3.0,78.0,18.0,20.21368219,68.65257685,6.887130053,50.89732989,Masoor
128.2,53.1,75.8,30.43,55.47,7.4,1059.11,Ganna
118.0,44.0,23.0,22.08458267,82.82904143,6.6916904760000016,67.06459777,Kapas
109.0,52.5,56.0,31.53,71.65,7.04,1201.35,Ganna
115.7,73.6,36.3,13.59,49.47,6.48,321.94,Gandum
74.0,55.0,19.0,18.05033737,62.89366992,6.28886807,84.23613484,Makki
65.0,60.0,43.0,21.97199397,81.89918197,5.658169482000001,227.3637009,Chawal
77.0,36.0,23.0,24.71417533,56.73426469,6.648725327,88.45361858,Makki
11.0,74.0,17.0,21.36383757,69.92375891,6.633864582,46.6352865,Masoor
97.6,58.1,47.6,15.82,50.75,6.3,265.06,Sarson
59.0,70.0,84.0,17.3348681,18.74926979,7.550808267000001,82.61734721,Chana
81.4,58.2,31.5,20.25,42.84,7.48,339.43,Gandum
78.2,74.8,76.0,16.98,57.63,6.99,408.62,Aloo
83.4,31.5,61.3,29.85,55.57,7.15,1274.44,Ganna
89.0,54.0,38.0,24.51588066,83.53521629999999,6.685346424,230.4462359,Chawal
81.7,68.9,65.7,15.17,58.66,5.79,591.09,Aloo
99.0,57.0,35.0,26.75754171,81.17734011,5.960370061,272.29990560000005,Chawal
12.0,58.0,23.0,21.74600081,63.39503184,6.765091462000001,50.43306085,Masoor
89.6,70.9,39.7,14.48,37.31,6.76,334.96,Gandum
29.0,77.0,75.0,17.50361137,15.48083156,7.778591617999999,72.9446671,Chana
10.0,56.0,16.0,28.17432665,81.04554836,6.828187498999998,36.35720652,Moong
85.0,44.6,66.5,37.62,68.23,6.5,1051.72,Ganna
102.0,37.0,25.0,25.31468463,77.91757121,5.907930899,72.82902109,Kapas
88.9,55.4,36.6,16.59,35.38,7.05,207.79,Gandum
99.6,43.7,57.9,35.71,67.46,6.12,1330.92,Ganna
63.2,66.2,87.8,16.45,62.14,6.93,411.15,Aloo
57.0,73.0,85.0,18.49311205,14.72115044,7.358099622,91.94595352,Chana
89.9,56.9,41.0,18.38,38.21,7.3,282.24,Gandum
36.0,56.0,83.0,18.89780215,19.76182946,7.4526709,69.09512477,Chana
39.0,78.0,15.0,21.35499456,62.60136323,5.925391795,41.78219834,Masoor
99.0,36.0,20.0,20.57981887,65.34583901,6.671085817000001,78.34604471,Makki
87.6,32.0,44.7,33.19,61.75,7.27,1346.71,Ganna
95.7,58.0,33.6,15.71,43.32,7.6,268.38,Gandum
92.1,51.3,82.6,20.11,74.52,6.0,538.01,Aloo
140.0,40.0,17.0,22.72767171,77.07598065,6.006085786,77.55176318,Kapas
94.9,78.8,61.0,17.75,57.79,6.81,468.59,Aloo
10.0,70.0,19.0,24.84918386,68.98088448,7.272427638,41.61080544,Masoor
74.0,58.0,18.0,20.03728219,56.35606753,6.727303282,109.024141,Makki
61.0,60.0,15.0,24.87502824,68.74248334,6.265564338,91.26056654,Makki
93.8,50.2,53.7,29.56,73.94,6.62,1146.68,Ganna
73.7,56.0,40.3,14.19,46.33,6.13,276.68,Sarson
83.8,36.2,63.1,33.89,63.36,6.87,1278.29,Ganna
87.0,74.2,49.0,14.92,52.91,7.19,329.73,Gandum
4.0,59.0,25.0,27.68515114,81.94268594,6.227134139,54.62243308,Moong
28.0,69.0,16.0,29.77013109,66.29327012,6.547361617999999,35.69674138,Masoor
34.0,45.0,21.0,28.18837136,82.60629652,6.2873801170000005,37.01110438,Moong
65.0,60.0,22.0,25.36768364,72.52054555,6.6069840860000015,107.9124111,Makki
83.0,45.0,21.0,18.83344471,58.75082029,5.716222912,79.75328959999999,Makki
80.2,78.7,92.2,21.2,71.98,6.26,468.52,Aloo
99.1,59.1,43.5,17.89,43.78,6.67,248.3,Gandum
89.0,60.0,17.0,25.37548751,57.21025565,5.983952675,101.7004306,Makki
67.5,56.7,39.5,14.17,57.07,7.46,305.02,Sarson
60.0,54.0,19.0,18.74826712,62.49878458,6.417820493,70.23401597,Makki
108.7,59.1,31.0,18.13,47.21,6.84,208.07,Gandum
47.0,80.0,77.0,17.18248372,16.42891834,7.561108006,72.85017344,Chana
35.0,63.0,76.0,17.81564548,17.60756635,7.714153037999999,90.82097601,Chana
32.0,76.0,15.0,28.05153602,63.49802189,7.604110177000001,43.35795377,Masoor
74.0,56.0,22.0,18.28362235,66.65952796,6.829199275,80.97573281,Makki
71.0,52.0,18.0,25.10787449,55.97732754,5.790770202999999,78.16077693,Makki
39.0,58.0,85.0,17.88776475,15.40589717,5.9969320370000005,68.54932919,Chana
31.0,58.0,15.0,28.31886863,60.19461399,6.167855382000001,45.36521251,Masoor
52.0,60.0,79.0,19.45339934,18.23490739,8.380185271,75.6317566,Chana
40.0,79.0,17.0,21.12695586,63.18738532,6.403683619,38.71834464,Masoor
98.5,56.9,32.0,17.01,41.74,7.02,388.33,Sarson
123.5,43.1,52.0,29.61,70.75,6.15,1194.36,Ganna
98.6,63.3,37.3,18.02,49.54,7.45,350.83,Sarson
72.6,51.6,71.2,19.12,74.05,5.68,417.49,Aloo
83.1,51.5,74.2,15.92,55.21,6.86,536.77,Aloo
87.0,54.0,20.0,25.61707368,63.4711755,6.576418207000001,108.8303762,Makki
81.8,67.5,49.6,19.38,54.2,7.37,319.37,Gandum
38.0,60.0,20.0,29.84823072,60.63872613,7.491217102,46.80452595,Masoor
104.4,50.3,72.0,36.52,71.35,6.33,1066.6,Ganna
98.8,37.1,61.9,30.14,74.48,6.49,1088.45,Ganna
87.8,44.6,58.8,28.94,65.93,7.48,1008.12,Ganna
67.8,59.1,44.0,17.56,59.24,6.08,391.52,Sarson
31.0,70.0,77.0,20.88818675,14.32313811,6.492546046,90.46228334,Chana
110.2,68.0,49.4,21.21,43.58,7.04,305.54,Gandum
96.7,46.4,42.6,16.08,49.06,6.58,405.18,Sarson
114.8,54.8,52.6,32.97,74.49,7.23,1356.07,Ganna
83.4,64.3,98.0,20.14,71.92,6.68,415.57,Aloo
73.6,65.7,35.6,10.58,51.6,6.48,378.78,Sarson
92.9,61.1,31.1,19.33,38.31,7.41,367.42,Gandum
84.1,65.4,86.8,20.32,63.16,6.01,459.98,Aloo
98.4,45.3,44.8,35.59,66.48,6.44,1257.23,Ganna
8.0,45.0,18.0,27.93034941,85.42058715,7.011030515,43.25095608,Moong
81.0,54.6,30.4,12.98,48.64,6.09,414.37,Sarson
129.0,60.0,22.0,24.58453146,79.12404171,5.947448589,71.94608134,Kapas
41.0,69.0,82.0,20.02381489,16.63294455,6.715587232000001,68.97806542,Chana
70.1,65.5,67.1,15.16,72.17,6.88,439.84,Aloo
16.0,65.0,19.0,27.61204997,69.29786244,7.043160241,42.72374404,Masoor
9.0,77.0,17.0,21.65845777,63.58337146,6.280725549,38.07659414,Masoor
62.0,52.0,16.0,22.27526694,58.84015925,6.9670577620000005,63.87020584,Makki
107.7,74.0,49.2,21.14,52.55,7.62,321.37,Gandum
32.0,60.0,83.0,19.69141713,19.44225438,8.829273328,91.76071648,Chana
97.6,55.5,95.2,21.01,68.94,6.02,562.88,Aloo
86.5,56.8,30.2,12.09,49.97,6.12,399.53,Gandum
117.9,54.9,42.2,14.6,35.2,7.07,355.82,Gandum
14.0,37.0,15.0,27.96235681,83.97586797,6.581351374,48.9366954,Moong
69.7,43.2,46.6,14.85,50.09,6.44,322.46,Sarson
90.3,74.6,69.0,16.5,72.17,5.55,470.47,Aloo
22.0,78.0,76.0,17.84851658,19.09172907,8.621662982,76.32470713,Chana
99.7,47.0,44.2,37.15,73.61,6.09,1316.2,Ganna
99.9,75.2,48.9,18.64,51.87,7.37,392.18,Gandum
31.0,58.0,15.0,27.11026483,84.96771717,7.121571293,51.52617423,Moong
102.6,61.1,38.0,19.87,52.41,6.56,318.63,Gandum
6.0,77.0,20.0,25.78746268,60.2816298,6.058306161,49.14337177,Masoor
77.3,55.1,70.5,17.84,57.77,5.68,417.95,Aloo
83.7,59.1,78.5,25.69,61.5,6.09,1288.44,Ganna
37.0,49.0,25.0,29.914544300000006,85.85384444,6.415459592,41.39081525,Moong
59.0,69.0,80.0,19.07937684,17.86754927,8.165359297,69.40619137,Chana
131.9,52.8,40.3,27.1,57.0,6.62,1459.2,Ganna
83.8,79.5,42.8,12.81,42.09,6.93,324.92,Gandum
84.7,52.4,45.0,21.33,39.91,6.31,351.35,Gandum
35.0,57.0,83.0,19.48316794,17.44534641,7.476800943,80.4986291,Chana
22.0,37.0,20.0,27.62749466,86.49366929,6.605733067999999,39.26137642,Moong
25.0,59.0,19.0,29.06631494,83.6869203,6.626629798,43.95183726,Moong
59.0,62.0,83.0,18.57665902,19.22008229,8.104396057999999,72.94940441,Chana
87.0,42.5,45.2,10.83,50.76,6.62,372.08,Sarson
85.5,79.1,76.4,18.85,59.97,6.27,553.89,Aloo
14.0,59.0,22.0,23.82723528,67.89815262,6.76660668,46.90725077,Masoor
35.0,48.0,15.0,27.10818093,87.45126690000002,6.981758362000001,55.03723979,Moong
126.0,50.0,19.0,24.69457084,81.7358876,6.6287228360000015,78.58494391,Kapas
94.9,51.3,40.4,12.68,46.14,7.18,385.83,Gandum
84.0,41.9,37.3,10.5,59.34,6.99,343.8,Sarson
89.8,61.8,36.9,11.52,48.79,7.02,337.0,Sarson
66.5,42.6,32.1,13.77,50.71,7.34,286.35,Sarson
94.3,59.1,45.7,14.14,49.65,7.39,202.88,Gandum
86.3,68.2,62.4,18.95,58.37,6.8,438.4,Aloo
98.5,67.6,74.3,15.05,62.4,6.39,438.03,Aloo
94.3,53.1,44.1,15.68,38.43,7.29,329.9,Gandum
70.0,74.0,67.2,15.1,68.55,5.78,589.56,Aloo
133.0,57.0,19.0,23.54234715,75.98203329,7.947011366,84.12536744,Kapas
85.4,48.3,45.1,15.5,59.55,6.59,397.18,Sarson
105.0,56.0,15.0,25.96779712,81.97904282,7.272316208999999,74.14169043,Kapas
118.7,30.9,66.3,35.72,63.84,6.7,1093.32,Ganna
66.0,60.0,38.0,22.08576562,83.47038318,6.372576327000001,231.7364957,Chawal
36.0,76.0,75.0,18.38120357,16.63805158,8.736337905,70.52056697,Chana
97.0,58.7,30.2,13.03,42.51,6.45,239.33,Gandum
63.0,35.0,16.0,22.02720976,65.35549924,6.272417541,83.73280082,Makki
125.0,39.0,21.0,25.03149561,82.21276599,7.954629324,95.0191318,Kapas
95.0,55.0,42.0,26.79533926,82.1480873,5.950660556,193.3473987,Chawal
108.0,46.0,17.0,24.3017998,84.87668973,6.93221485,65.0247867,Kapas
99.0,39.0,18.0,19.20129357,68.30578978,6.11275104,87.85092352,Makki
84.1,77.6,43.1,16.43,41.74,6.34,388.34,Gandum
81.6,55.6,70.4,19.03,62.38,5.66,463.22,Aloo
78.1,68.8,65.6,19.75,65.98,6.67,587.61,Aloo
64.8,66.6,92.0,19.55,60.05,5.56,428.24,Aloo
91.8,58.7,38.1,17.17,59.21,6.11,375.21,Sarson
98.0,40.5,60.1,30.0,59.45,7.49,1316.86,Ganna
88.0,46.0,42.0,22.68319059,83.46358271,6.604993475,194.2651719,Chawal
112.0,49.0,25.0,25.68959532,77.90621048,6.470135478,66.19426787,Kapas
38.0,60.0,76.0,18.65054116,17.80852431,8.868741443,77.92798682,Chana
88.8,44.0,70.3,31.18,56.68,6.7,1047.21,Ganna
136.0,36.0,24.0,22.74446976,80.41198458,7.59781958,90.07326633,Kapas
93.3,55.4,39.0,15.08,36.34,6.58,216.91,Gandum
32.0,78.0,22.0,23.97081395,62.35557553,7.007037515,53.40906048,Masoor
107.0,36.0,21.0,25.29250148,75.66653335,6.205263534,62.64174227,Kapas
73.8,52.9,91.2,19.7,65.89,6.24,405.07,Aloo
58.0,70.0,84.0,20.6543203,16.60820843,6.231049027999999,74.6631118,Chana
22.0,54.0,20.0,28.56149805,83.63802195,6.689825155,41.013132,Moong
109.4,40.4,41.3,34.51,64.85,6.5,1309.59,Ganna
20.0,45.0,17.0,28.17458662,83.69659318,6.770955317,37.2464655,Moong
114.5,55.2,63.8,30.37,61.13,6.19,1120.15,Ganna
83.4,74.8,73.4,19.68,72.46,6.09,552.7,Aloo
39.0,71.0,84.0,20.28155898,16.39535215,8.140825437,82.52339655,Chana
78.0,42.0,42.0,20.13017482,81.60487287,7.628472891,262.7173405,Chawal
126.6,30.7,46.6,33.56,66.77,7.01,1157.46,Ganna
116.7,58.9,32.3,17.84,45.82,7.14,242.33,Gandum
96.8,43.6,47.0,15.98,50.21,7.07,308.53,Sarson
106.7,71.9,36.1,19.14,38.59,7.28,204.49,Gandum
120.4,38.7,70.2,37.14,58.42,6.99,1332.53,Ganna
131.0,38.0,19.0,23.86814008,75.68339729,6.814341946,90.4547185,Kapas
88.8,37.9,77.1,26.1,55.52,7.24,1338.18,Ganna
82.8,74.5,41.8,14.5,52.65,6.47,384.26,Gandum
78.0,35.0,44.0,26.54348085,84.67353597,7.072655622,183.6222657,Chawal
64.3,74.9,99.6,18.47,70.03,6.12,564.25,Aloo
125.6,56.1,43.7,31.27,68.19,6.23,1472.96,Ganna
117.0,51.0,15.0,22.9535715,78.71555832,6.044556594,99.75336197,Kapas
2.0,72.0,18.0,26.57597546,60.97876599,7.836719564,50.89110726,Masoor
104.0,47.0,18.0,23.9656349,76.97696717,7.633437412,90.75616738,Kapas
74.0,39.0,38.0,23.24113501,84.59201843,7.782051312999999,233.0453455,Chawal
85.0,37.0,39.0,24.52783742,82.73685569,6.364134967999999,224.67572310000003,Chawal
109.6,41.8,75.9,28.01,63.52,6.34,1152.87,Ganna
73.3,56.5,69.6,15.61,71.24,6.43,454.8,Aloo
40.0,72.0,77.0,17.02498456,16.98861173,7.485996067,88.55123143,Chana
60.0,46.0,22.0,24.89364635,65.61418761,6.625404347999999,87.9298085,Makki
97.0,50.0,41.0,24.52922681,80.54498576,7.070959995,260.2634026,Chawal
66.5,51.9,66.5,21.54,60.41,5.6,440.82,Aloo
28.0,76.0,82.0,20.56601874,14.25803981,6.654425315,83.75937135,Chana
12.0,80.0,19.0,21.91041045,65.21662467,5.962001484,36.10211371,Masoor
130.4,51.7,53.8,27.04,60.5,6.89,1222.05,Ganna
27.0,56.0,20.0,29.2114218,87.11497805,6.41874299,51.53848218,Moong
53.0,65.0,76.0,20.19137759,16.41998269,8.719960893,77.33795356,Chana
22.0,67.0,22.0,29.03017561,64.49166566,7.475926645,54.93937710000001,Masoor
111.2,61.5,42.0,12.7,51.72,7.47,367.63,Gandum
21.0,51.0,15.0,29.36488409,89.1886954,6.679127482,48.30159325,Moong
114.0,40.0,17.0,24.32630461,80.13456404,6.363406102000001,69.45072055,Kapas
34.0,73.0,15.0,20.97195263,63.83179889,7.630424082999999,53.10207889,Masoor
98.0,35.0,18.0,23.79746068,74.82913698,6.252797547999999,91.76337172,Makki
93.0,58.0,38.0,20.61521424,83.77345559,6.932400225,279.5451717,Chawal
16.0,65.0,16.0,18.13027797,62.45851612,6.078724107,50.6128521,Masoor
90.0,65.3,36.9,18.66,43.24,6.36,343.02,Gandum
78.0,48.0,22.0,23.08974909,63.10459626,5.588650585,70.43473609,Makki
64.9,58.4,47.7,11.66,51.53,6.49,380.04,Sarson
121.0,36.0,24.0,23.66457347,81.69105088,7.352401887,99.36898373,Kapas
88.1,61.5,99.7,15.57,70.04,6.06,407.96,Aloo
71.7,55.1,36.5,15.58,50.88,6.1,302.71,Sarson
76.0,47.0,42.0,20.08369642,83.29114712,5.739175027000001,263.6372176,Chawal
81.8,53.7,86.8,15.64,64.72,5.88,402.65,Aloo
94.0,50.0,37.0,25.66585205,80.66385045,6.94801983,209.5869708,Chawal
84.0,44.0,21.0,21.869274,61.91044947,5.850439831,107.2681929,Makki
62.0,42.0,36.0,22.78133816,82.06719137,6.430010215,248.7183228,Chawal
7.0,73.0,25.0,27.52185591,63.13215259,7.28805662,45.20841071,Masoor
31.0,40.0,22.0,29.40889385,86.16063492,6.365513634,53.35486977,Moong
78.0,37.0,22.0,25.34217103,63.31801994,6.330554389,74.52082026,Makki
105.1,31.0,51.5,28.32,66.67,6.38,1189.99,Ganna
50.0,56.0,76.0,20.99502153,19.8601304,7.966605025,73.50734019,Chana
90.5,45.7,42.7,31.91,59.22,6.51,1436.43,Ganna
93.0,56.0,42.0,23.85724032,82.22572988,7.382762603,195.0948311,Chawal
65.1,54.4,83.8,21.84,68.58,5.86,472.5,Aloo
20.0,40.0,15.0,29.57329479,88.07505524,7.199495367999999,45.04467075,Moong
98.1,47.9,56.1,34.29,58.26,7.28,1364.47,Ganna
92.6,35.3,50.4,31.21,71.11,6.34,1357.36,Ganna
90.0,37.5,54.9,27.72,74.81,7.01,1396.1,Ganna
57.0,56.0,78.0,17.34150229,18.75626255,8.861479668,67.9545435,Chana
128.2,47.1,67.1,37.2,62.58,7.21,1213.2,Ganna
44.0,74.0,85.0,20.18649426,19.63719995,7.150681303,78.26039559,Chana
138.4,30.0,42.5,31.07,67.07,6.6,1339.82,Ganna
19.0,79.0,19.0,20.06003985,67.76252583,6.677262562,42.89509057,Masoor
10.0,79.0,20.0,24.98287462,66.895409,6.379881442,38.21370568,Masoor
64.8,65.3,44.8,14.68,41.85,6.87,321.06,Sarson
92.8,55.3,79.6,17.85,61.34,5.98,586.96,Aloo
76.6,72.9,99.9,21.16,64.22,6.63,413.81,Aloo
34.0,76.0,80.0,20.65691793,15.84572566,7.985417393,65.23811143,Chana
23.0,72.0,84.0,19.02061277,17.13159126,6.920251378,79.92698081,Chana
72.0,60.0,25.0,18.52510753,69.0276233,5.773454729,88.10234397,Makki
103.0,51.0,20.0,22.80213132,84.14668447,7.0466074339999984,91.6389565,Kapas
106.4,48.8,63.8,27.88,57.41,6.54,1000.56,Ganna
13.0,61.0,22.0,19.44084326,63.27771461,7.728832424,46.83130119,Masoor
139.8,35.6,52.7,35.64,73.3,7.14,1274.07,Ganna
10.0,75.0,17.0,18.43966037,68.05394959,7.732194787999999,39.00992137,Masoor
84.5,78.1,98.3,19.04,70.29,5.58,457.79,Aloo
112.3,31.5,76.1,27.36,65.88,7.01,1493.67,Ganna
68.0,41.0,16.0,21.77689322,57.80840636,6.158830619,102.0861694,Makki
130.0,59.0,19.0,25.07278712,82.50257909,6.520403794,93.51042684,Kapas
33.0,37.0,19.0,27.92678579,86.5543196,7.183189922,43.4826194,Moong
85.0,58.0,41.0,21.77046169,80.31964408,7.038096361,226.6555374,Chawal
82.8,69.1,31.6,16.61,51.42,7.26,425.43,Sarson
86.5,65.1,32.7,11.79,45.22,6.67,415.28,Sarson
107.0,43.0,18.0,22.426733,81.53480799,6.745104394,65.54475812,Kapas
68.0,57.0,43.0,26.08867875,80.37979919,5.706943251,182.9043504,Chawal
32.0,73.0,81.0,20.45078582,15.40312102,5.988992796000002,92.68373702,Chana
88.0,54.0,44.0,25.7354293,83.88266234,6.149410611,233.1321372,Chawal
102.3,38.4,77.3,30.45,73.08,6.86,1497.78,Ganna
121.0,47.0,16.0,23.60564038,79.29573149,7.7232401510000015,72.49800885,Kapas
6.0,72.0,15.0,22.99451999,66.70897237,7.670178119,54.49044154,Masoor
6.0,68.0,18.0,24.388717,62.50453062,6.711341147000001,47.26052494,Masoor
31.0,48.0,17.0,28.88078945,86.94206817,6.594739424,53.79732545,Moong
90.0,44.0,38.0,23.83509503,83.88387074,7.473134377,241.20135130000003,Chawal
14.0,57.0,15.0,29.8757015,83.14796296,6.623438282,40.12044158,Moong
66.1,52.3,65.3,16.63,65.16,6.67,459.6,Aloo
119.0,44.0,15.0,22.14593688,82.85975490000001,7.091992365,60.65381719,Kapas
2.0,39.0,15.0,28.07219563,82.9116472,6.478557136,49.61865305,Moong
91.7,35.2,72.8,27.19,62.49,6.64,1291.36,Ganna
59.0,55.0,79.0,20.36720401,16.89574311,8.766128654,82.2545577,Chana
93.0,56.0,36.0,24.01497622,82.05687182,6.98435366,185.2773389,Chawal
34.0,60.0,25.0,29.78416743,85.16906976,6.79385576,40.77872823,Moong
111.7,53.8,43.5,12.93,46.07,6.78,213.45,Gandum
19.0,39.0,17.0,29.2808618,81.8009244,6.890156495,44.47427436,Moong
30.0,70.0,79.0,20.26942271,19.96978871,7.313122235,69.64449182,Chana
81.0,45.0,23.0,19.32666088,68.03449300000001,6.192360002999999,84.22969177,Makki
87.0,63.3,95.0,16.2,73.91,6.58,591.13,Aloo
73.7,65.0,45.3,10.39,57.36,6.85,263.21,Sarson
111.5,65.4,38.5,20.95,45.0,6.49,360.88,Gandum
87.6,62.2,73.4,16.37,61.05,6.15,577.64,Aloo
36.0,65.0,16.0,25.71269843,64.1123333,7.692013657,50.17067771,Masoor
99.1,42.2,37.8,19.88,44.49,7.22,257.99,Sarson
126.0,38.0,23.0,25.36243778,83.63276077,6.176716425,88.43618918,Kapas
82.3,54.0,81.9,16.39,61.24,5.6,547.89,Aloo
57.0,68.0,81.0,17.17012591,17.30457712,8.081095263,72.78624223,Chana
127.0,53.0,24.0,22.21506982,76.17851932,6.127939627999999,70.40557612,Kapas
83.3,64.5,79.4,17.19,72.73,6.74,528.56,Aloo
123.0,44.0,21.0,25.78544484,75.00539324,7.6411165689999985,91.39578861,Kapas
100.3,51.6,38.2,15.57,42.76,6.44,270.98,Gandum
92.0,60.0,23.0,18.66746724,71.516474,5.721667141,69.93293255,Makki
101.7,53.2,40.4,37.46,59.49,6.94,1341.1,Ganna
81.5,76.1,38.7,15.93,51.08,7.04,347.49,Gandum
0.0,69.0,21.0,25.86928193,61.88321072,7.072923306,36.68284038,Masoor
114.2,57.0,47.7,14.89,38.67,6.78,314.52,Gandum
107.0,45.0,25.0,23.0865933,83.55546146,7.2277455160000015,71.84080724,Kapas
71.0,46.0,40.0,20.2801937,82.1235421,7.236705436,191.9535738,Chawal
21.0,63.0,17.0,25.08966129,68.17543102,6.559681838,41.45486619,Masoor
131.0,60.0,17.0,25.32023717,81.79475917,7.4250413160000015,83.46532547,Kapas
99.9,56.6,87.7,19.64,71.73,5.51,429.2,Aloo
109.1,42.9,56.4,32.31,67.05,6.85,1201.01,Ganna
24.0,55.0,78.0,17.30287885,15.15405941,6.64919573,75.57790384,Chana
76.0,40.0,43.0,25.15745531,83.11713476,5.070175667,231.3843163,Chawal
28.0,46.0,16.0,29.008124,84.96089355,6.664187809,45.91011391,Moong
23.0,75.0,17.0,24.87425505,64.00213929,7.198076286,48.28137482,Masoor
79.0,45.0,20.0,23.80546189,59.24537979,5.715208817000001,89.96220140000001,Makki
32.0,71.0,85.0,20.62767492,14.44008871,6.4039823160000005,92.06630306,Chana
90.0,59.7,36.0,14.81,48.11,6.33,392.07,Sarson
91.0,55.0,15.0,18.09300227,72.61024172,6.376651091,78.96159541,Makki
32.0,56.0,21.0,27.38538997,88.66663953,6.702772465,58.29933073,Moong
79.1,52.4,87.4,17.0,72.94,6.13,508.93,Aloo
27.0,80.0,24.0,28.42062847,61.77336343,7.815210661,49.02366803,Masoor
0.0,67.0,22.0,29.82112112,69.4073209,6.5937983870000005,51.56461082,Masoor
2.0,47.0,15.0,29.86860065,85.99127934,6.401455706,58.41394143,Moong
131.7,43.5,44.7,25.91,62.95,7.27,1048.32,Ganna
0.0,49.0,18.0,29.68361658,87.93598094,6.990095452,41.82490236,Moong
91.3,60.4,31.8,12.22,45.16,6.49,231.24,Gandum
87.0,35.0,25.0,21.44526922,63.1621551,6.178056304,65.88951188,Makki
103.3,79.4,42.5,17.03,35.36,6.48,319.86,Gandum
98.2,61.6,99.7,19.72,72.59,6.11,426.45,Aloo
65.0,37.0,40.0,23.35905428,83.59512273,5.333322606,188.413665,Chawal
34.0,35.0,21.0,28.44524991,82.67639542,6.684381357,58.18713162,Moong
84.0,50.0,44.0,25.48591986,81.40633547,5.9353444060000005,182.6549356,Chawal
26.0,68.0,24.0,28.04849594,64.07691942,7.504930973,37.15824966,Masoor
35.0,41.0,18.0,28.70562673,81.59200689,6.705008503999999,59.87065439,Moong
27.0,62.0,77.0,18.19737048,14.71070537,6.576415562,70.18185181,Chana
36.0,67.0,20.0,20.39078312,60.47528931,6.924042372000001,53.31508572,Masoor
99.0,50.0,15.0,18.14710054,71.09445342,5.573286437,88.07753741,Makki
102.6,56.7,42.4,13.99,39.59,6.39,356.75,Gandum
89.0,45.0,36.0,21.32504158,80.47476396,6.442475375,185.4974732,Chawal
97.2,34.2,64.5,28.85,63.63,6.86,1315.69,Ganna
67.0,45.0,38.0,22.72791041,82.17068809999998,7.300410836,260.8875056,Chawal
93.0,41.0,17.0,25.6217169,66.50415474,6.047906679,105.4654703,Makki
42.0,74.0,83.0,19.2582557,14.2804191,7.545258424,65.78042032,Chana
64.6,51.8,76.1,20.04,65.22,6.22,525.09,Aloo
39.0,65.0,23.0,25.43459777,69.12613376,7.685959305,41.02682925,Masoor
80.0,43.0,16.0,23.55882094,71.59351368,6.657964753,66.71995467,Makki
